epoch,steps,cosine_pearson,cosine_spearman
1.0,229,0.7831333814321804,0.766408455720374
2.0,458,0.8411749905464764,0.7995983825520572
3.0,687,0.8626635719218176,0.8131427241397183
4.0,916,0.8777817827845175,0.8214349642293777
5.0,1145,0.8873250755764867,0.822315556097306
6.0,1374,0.8952679421383696,0.826519333943012
7.0,1603,0.8947464801084974,0.8232275976748034
8.0,1832,0.8984162875705846,0.8249153987549996
