epoch,steps,cosine_pearson,cosine_spearman
1.0,116,0.7760572714784633,0.7700646966007887
2.0,232,0.8239735073590444,0.7968491989380804
3.0,348,0.841913903669131,0.8092365185488951
4.0,464,0.8452657230970019,0.8122718220296908
