epoch,steps,cosine_pearson,cosine_spearman
1.0,115,0.7585306070567206,0.7366807272477135
2.0,230,0.7951738918628997,0.7737301673315166
3.0,345,0.790641434681018,0.7627753494994287
4.0,460,0.7998363846608563,0.7750020750198864
5.0,575,0.8013135400607586,0.7832489603541548
6.0,690,0.8023788381867626,0.7858748342914342
