epoch,steps,cosine_pearson,cosine_spearman
1.0,229,0.7799909369360595,0.7643118084157824
2.0,458,0.8330505584353798,0.7972920705170067
3.0,687,0.8693553909231818,0.8160989968391922
4.0,916,0.8731786038955346,0.8163296280426974
5.0,1145,0.8896992529946938,0.8245904184227878
6.0,1374,0.8950691299020445,0.825984688880341
7.0,1603,0.8954696723336698,0.8260056553533871
8.0,1832,0.8966767822629286,0.826550783652581
