Dataset,SBERT,BERT
STS1,0.922627,0.027296
STS2,0.924933,0.148589
STS3,0.825368,0.246593
STS4,0.722215,0.365149
STS5,0.604849,0.135378
STS6,0.818323,0.352025
